prediction_values,true_values
207887.74792999358,208500.0
170222.17677583487,181499.99999999994
216502.8610301112,223500.00000000006
168119.97385879926,140000.00000000006
301922.6072363818,249999.99999999994
158880.1696513768,142999.99999999988
278106.72615613235,306999.9999999997
210602.45963940586,200000.00000000003
142362.42105192645,129900.00000000009
122230.63421612266,117999.99999999991
131302.430968828,129500.0
356194.0480948056,345000.00000000023
137604.17860777897,143999.99999999988
223759.41036599572,279499.9999999999
157553.1662226299,157000.0000000001
137143.4126170741,131999.9999999999
145029.275659507,149000.0
110997.57140313319,90000.00000000007
164499.55952113977,159000.0000000001
130632.59251397106,138999.99999999997
337043.5464598897,325300.0000000001
129717.84819428086,139400.00000000006
239364.68951650916,230000.0000000001
139509.60841862363,129900.00000000009
138518.50420914884,153999.99999999985
251761.84263887373,256300.00000000015
130977.47812577395,134800.0
291487.7674210308,305999.99999999977
181052.48175626108,207499.99999999985
79957.65002660698,68499.99999999997
91032.35790440108,40000.00000000001
158786.78497192927,149350.00000000006
182967.82758364518,179899.99999999988
157977.82545622246,165500.00000000003
296153.3360913663,277500.0
306718.0351619796,309000.0
154014.4728189613,145000.00000000012
152712.62714034098,152999.99999999985
136254.8274530563,109000.00000000004
84658.48896922654,82000.0
147467.02564860546,160000.0000000001
153697.93381475247,170000.00000000006
140291.75316110472,143999.99999999988
130784.93659019694,130249.99999999988
138969.89330742828,140999.99999999994
298164.094486046,319900.00000000023
296015.7282321559,239686.00000000023
233148.41869696,249700.00000000006
102783.59280135951,113000.00000000006
125137.97769619219,127000.00000000012
181828.5504808445,176999.9999999999
117400.26317397523,114500.00000000009
109262.77177500405,110000.00000000009
349070.0391901944,385000.0000000003
122507.78596883114,130000.00000000006
159482.6760075944,180499.99999999988
202183.1186212991,172500.0000000001
188649.08194100918,196500.00000000012
394428.2845821253,438780.00000000023
111345.72895732909,124900.00000000006
173348.52172515384,157999.99999999985
105637.2735848571,100999.99999999991
208172.66422080252,202499.99999999983
128481.38413037443,140000.00000000006
243599.6121185219,219500.00000000017
301828.5852544548,316999.99999999977
251204.16631597938,180000.00000000017
203509.62714597167,226000.00000000015
82254.07267897655,80000.00000000003
222503.64857505955,225000.00000000012
275038.29767705,244000.00000000012
117985.30906337874,129500.0
201035.11543179917,184999.99999999997
142074.6296900147,144899.9999999999
108054.79141586633,107400.00000000009
97382.55070651381,91000.00000000006
110825.33446888527,135750.00000000003
117672.31213201981,127000.00000000012
121700.56937249217,136500.00000000012
113816.44184282313,110000.00000000009
213043.94590843978,193499.99999999997
167564.16543725296,153500.00000000015
238137.01321292119,245000.00000000006
123163.25135182148,126499.99999999987
167720.80724745287,168499.99999999994
262062.2390790863,260000.00000000015
171618.28784429972,173999.9999999999
172878.98654915314,164499.99999999985
81505.58638491406,85000.00000000003
109906.82722980066,123600.00000000003
97716.53359435484,109900.00000000009
121229.20309563688,98599.99999999996
155019.11500537425,163500.00000000012
183990.48393356256,133900.0
204244.33927463018,204749.9999999998
175430.2372863943,184999.99999999997
229723.5339309318,214000.00000000006
122183.57993445806,94749.99999999994
82938.57760920994,82999.99999999997
130726.62533895297,128950.00000000013
217807.85348150652,204999.99999999994
171957.65131158466,177999.99999999985
118881.40455304271,118964.00000000007
186016.8713234127,198899.9999999999
138827.1287943669,169500.00000000012
261892.45736422643,249999.99999999994
97363.48796161596,100000.0
90315.89313410943,115000.00000000003
125034.73841983364,115000.00000000003
203433.63750405022,189999.99999999994
136212.19515201054,136900.0
165246.19615497542,180000.00000000017
309011.8225554135,383970.0000000003
217257.11130796277,216999.9999999998
217011.1459645514,259499.99999999983
174644.03258132774,175999.99999999985
142769.73096143216,138999.99999999997
138448.63488508092,155000.00000000012
302349.4956379211,320000.00000000023
171177.10065851556,163989.99999999994
164457.1488330048,180000.00000000017
95329.61896283265,100000.0
136913.7774098617,136000.00000000012
163885.3064649311,153899.99999999988
180222.6692007051,181000.00000000003
101436.38548952075,84500.00000000006
130438.30179600001,128000.00000000012
94222.09028666432,86999.99999999994
139660.38953968356,155000.00000000012
141306.1295494664,150000.00000000003
209608.3657531112,226000.00000000015
225963.36998930894,244000.00000000012
152212.39353625168,150749.9999999999
195671.83293927112,220000.0000000002
191126.41574198508,180000.00000000017
188465.77293546303,173999.9999999999
143638.40110737752,142999.99999999988
238333.47565503186,171000.0000000001
226505.32231572788,230000.0000000001
194750.7100654183,231500.00000000006
104087.55065488625,115000.00000000003
256811.87679042175,260000.00000000015
126209.30559409078,165999.99999999997
210801.53616068096,203999.9999999998
143625.31663880788,124999.99999999996
133058.62226689575,130000.00000000006
102148.07529319412,105000.00000000004
209349.72463970736,222500.00000000017
151030.4486537316,140999.99999999994
109776.14428685424,115000.00000000003
128512.63726761064,122000.00000000004
322394.4967322932,372401.99999999994
172072.52530882155,189999.99999999994
199747.2633981346,234999.99999999977
132847.04324289312,124999.99999999996
78164.70065491417,79000.00000000007
104157.82211531556,109500.00000000003
257397.46859742858,269499.9999999997
214368.93454425535,254900.00000000015
315860.29019295395,320000.00000000023
178555.50904184996,162500.0
412023.5193975032,412500.0000000003
234516.92800891856,220000.0000000002
93586.89973158196,103200.0
144571.38565348202,152000.00000000003
137157.8366953096,127500.00000000007
181873.44855548211,189999.99999999994
352840.4732110739,325624.0000000003
188374.1564669622,183500.00000000015
258030.35082450198,228000.0000000001
118481.6308916513,128499.99999999987
190069.70444006,214999.9999999998
197886.31112554332,239000.00000000015
154971.64868654613,163000.00000000012
213632.20271420584,184000.00000000015
200981.0684570912,242999.99999999997
210437.33988516737,211000.0000000002
163074.55663061872,172500.0000000001
444998.1388716727,501837.0000000003
115610.4780695046,100000.0
168982.73595266958,176999.9999999999
170966.09686830975,200099.99999999994
111183.33319660179,120000.00000000007
211426.50968894517,200000.00000000003
124075.35258159626,127000.00000000012
311355.05696076923,474999.99999999977
178927.3116882782,172999.99999999985
128053.53267591566,135000.00000000015
152853.6275699935,153337.00000000015
265558.471854699,285999.99999999977
272198.8474275907,315000.0000000003
190300.13735732087,184000.00000000015
201310.84531625264,191999.99999999983
141484.16785309705,130000.00000000006
125116.48043190023,127000.00000000012
151108.23251913732,148499.99999999994
254966.08877474524,311871.9999999998
276762.7067471651,234999.99999999977
125979.48653887112,104000.00000000009
286110.70072251605,274900.0000000001
133272.820295347,140000.00000000006
173675.58094911164,171500.0000000001
115077.50415157818,112000.00000000009
140436.57494777848,149000.0
112836.03611393792,110000.00000000009
182328.21850202812,180499.99999999988
142703.4085749797,143900.0
141720.3732818046,140999.99999999994
245412.2556148585,276999.99999999977
151075.0441494449,145000.00000000012
93478.24157649787,98000.00000000006
173359.5575705433,185999.99999999988
262120.76535991672,252678.00000000015
153089.33696911446,155999.99999999985
146050.05171572336,161750.00000000003
137731.24390934114,134449.99999999988
198841.79642781187,210000.00000000012
87557.00468627026,107000.00000000001
215774.64349433058,311499.9999999997
174800.28141297706,167240.00000000012
218989.65749998862,204899.99999999997
208593.27512591536,200000.00000000003
177781.092337682,179899.99999999988
119653.17253214821,97000.00000000007
357050.5853901899,386249.9999999998
114948.80276967259,112000.00000000009
272018.8362223393,290000.0000000003
99501.27691594677,106000.00000000004
119534.44490396038,124999.99999999996
187806.83619612135,192500.00000000015
138084.93834176677,148000.00000000003
369309.9680828459,402999.9999999997
96435.59558944909,94499.99999999993
129172.55323896909,128200.0000000001
208957.95811829224,216500.00000000003
86831.12356056049,89500.00000000001
181618.14758753465,185500.00000000006
202125.85734028832,194500.00000000017
235667.7786966888,318000.00000000023
114661.96409815994,113000.00000000006
282088.0863397363,262500.00000000006
93830.04713170679,110500.00000000007
83799.86902045048,79000.00000000007
132172.37799868398,120000.00000000007
237598.54604920524,204999.99999999994
240118.7606113894,241500.0000000002
135812.33857561843,136999.99999999997
152847.97980021202,140000.00000000006
186945.35737782286,180000.00000000017
262107.95288395928,276999.99999999977
93215.44215711347,76499.99999999993
300466.43887746974,234999.99999999977
172911.79361143752,172999.99999999985
167854.98245436442,157999.99999999985
140623.64522955255,145000.00000000012
224716.70649119432,230000.0000000001
202820.18958778534,207499.99999999985
274096.4506077629,220000.0000000002
211513.61256560957,231500.00000000006
110383.57233389813,97000.00000000007
176054.23602856378,175999.99999999985
317378.9514872306,275999.9999999997
157228.8369941211,151000.0000000001
123496.7284967156,130000.00000000006
86342.75819845241,73000.0
187728.7590414243,175499.99999999988
179008.08762368248,184999.99999999997
173174.57695543452,179499.99999999988
107699.48020808595,120499.99999999997
162532.34734609516,148000.00000000003
285485.2982799658,266000.00000000006
218232.70326750778,241500.0000000002
297415.805937062,290000.0000000003
157054.78142595664,138999.99999999997
126618.20731344321,124499.99999999999
165044.8735482296,204999.99999999994
212006.83623958455,200999.99999999988
107691.40067506579,140999.99999999994
378430.78335148713,415298.0000000002
222224.82240577883,191999.99999999983
210137.70221412473,228500.00000000006
183864.6706180641,184999.99999999997
206819.95151651616,207499.99999999985
243667.38963013794,244599.9999999998
193453.86963908531,179199.99999999985
157255.57394288186,164699.99999999988
171847.6196834983,159000.0000000001
94059.91276934333,87999.99999999993
123702.95348776742,122000.00000000004
145919.15751660508,153574.99999999988
261307.29523527095,233229.99999999985
124082.36374790112,135899.9999999999
135303.5478692468,131000.00000000006
247206.46231382515,234999.99999999977
172081.5065456057,167000.0
147403.83146381835,142499.99999999997
148740.6766444429,152000.00000000003
218420.06595560804,239000.00000000015
176702.02103011738,175000.0
164921.6023679216,158499.99999999988
165353.62402049886,157000.0000000001
297271.9732310052,266999.9999999998
241140.313115752,204999.99999999994
136842.11950688623,149900.0
275239.11099736905,295000.0000000003
287516.408881322,305900.0000000001
235147.59329795485,225000.00000000012
111007.49930923512,89500.00000000001
100812.21175968117,82500.00000000007
359485.97275227425,359999.99999999965
182258.3199171495,165599.9999999999
131155.01478589958,131999.9999999999
136803.46009819154,119899.99999999988
292807.3561786676,375000.0
163383.759182893,177999.99999999985
186283.59344349746,188499.99999999985
239640.1635313995,260000.00000000015
268462.2946365176,269999.99999999977
294634.6720793112,260000.00000000015
214566.19224254304,187499.99999999997
350757.4486302142,342642.9999999998
332733.0979420791,353999.9999999998
272986.2909329375,300999.9999999998
119574.3247726914,126174.99999999997
269738.64282237535,241999.99999999988
93296.5420057285,86999.99999999994
282202.500549265,323999.99999999994
155767.4386480952,145249.99999999994
171389.67842091687,214499.99999999985
90061.65470139285,78000.00000000007
130831.01786680623,119000.00000000007
135022.6534158107,138999.99999999997
341302.3709481714,284000.0000000002
200968.86500443035,206999.99999999983
183956.23071330873,191999.99999999983
200562.52124963453,228949.99999999988
370000.108481482,377425.9999999998
221532.8036182373,214000.00000000006
191329.4916496132,202499.99999999983
161045.9756868357,155000.00000000012
220372.77093571587,202899.99999999997
81390.937214937,82000.0
83545.19575267805,87499.99999999999
272831.8844255207,266000.00000000006
94895.22845735232,85000.00000000003
129850.27237829007,140200.00000000015
139539.5663009507,151499.9999999999
174864.69740195622,157500.00000000012
184719.48460545947,153999.99999999985
444420.23510223214,437153.9999999997
290169.8216537253,318060.9999999997
203577.28607135316,189999.99999999994
104586.41280768732,94999.99999999997
117172.43985516664,105899.99999999999
159213.87511036877,140000.00000000006
176755.91656696686,177500.00000000003
163583.26981137475,172999.99999999985
150261.22830565128,133999.99999999988
119269.16499566913,130000.00000000006
268991.4909135834,280000.0000000001
151037.29972075738,155999.99999999985
143961.0448819213,145000.00000000012
172617.58995224955,198500.00000000003
111767.49713092974,117999.99999999991
183996.87598684052,189999.99999999994
137417.76388746122,147000.00000000012
164761.64405854366,159000.0000000001
150500.04666208653,165000.00000000017
148587.32013711377,131999.9999999999
147126.3627905158,161999.99999999994
179187.45429443297,172400.00000000003
107329.92680793261,134432.0000000001
122130.55734305918,124999.99999999996
125030.33903480426,123000.00000000003
198617.63597145161,219500.00000000017
67995.5650175693,61000.000000000015
130353.51635331711,148000.00000000003
304182.00714863645,340000.0000000002
340152.3489574285,394431.99999999994
181962.9304180326,179000.00000000006
144118.87069741078,127000.00000000012
197685.69507340254,187749.99999999983
201474.37977920883,213500.00000000006
83274.03559887143,76000.0
258681.5413353528,240000.00000000017
183779.24252304118,191999.99999999983
86048.28296910934,80999.99999999996
144452.50643233632,124999.99999999996
198328.95083015933,190999.99999999985
442152.85655997106,426000.0000000004
124468.92932221858,119000.00000000007
211918.18644623554,214999.9999999998
111481.09984404469,106500.00000000007
88516.12919165303,100000.0
110799.12059928945,109000.00000000004
137484.63570875517,128999.99999999996
124139.88680340518,123000.00000000003
154411.23273760063,169500.00000000012
88825.07481222998,66999.99999999993
201512.01201522502,240999.99999999997
226279.22927898724,245500.00000000006
180235.66380164225,164989.99999999988
104228.72765590105,107999.99999999993
252692.09492178404,257999.99999999994
172801.80838381307,168000.00000000017
155516.24675926805,150000.00000000003
111056.84916160931,115000.00000000003
167768.13228858946,176999.9999999999
266984.2834758811,280000.0000000001
288608.44870588696,339749.9999999997
114076.74669166624,60000.00000000003
146795.8076244873,145000.00000000012
235576.8167615789,222000.00000000012
106457.59530486749,115000.00000000003
259187.88669993833,228000.0000000001
177454.44336403374,181134.0000000001
148657.04054911758,149500.00000000012
223751.73344736948,239000.00000000015
114294.66835118842,125999.99999999988
136228.27023689102,142000.0000000001
201655.63589384226,206300.0000000002
217648.53348000528,214999.9999999998
118678.39213509402,113000.00000000006
317582.0459584917,315000.0000000003
138715.63470586363,138999.99999999997
131734.75168331744,135000.00000000015
249813.2291667851,275000.0000000001
113543.7980234737,109008.00000000003
193886.86774956342,195399.99999999983
187310.88972932563,175000.0
98371.36370137072,85400.00000000004
121101.70285291295,79899.99999999996
126052.70923818777,122500.00000000001
177919.47211105868,181000.00000000003
82339.67610803942,80999.99999999996
213320.9949135548,212000.00000000012
108411.4742861621,115999.99999999991
109794.09359163362,119000.00000000007
106651.95888657932,90350.0
135722.71934508465,110000.00000000009
385798.5593862431,555000.0000000001
112967.18978237404,117999.99999999991
151776.0316311163,162900.00000000015
187394.35238094896,172500.0000000001
213759.77143714833,210000.00000000012
156546.0374963927,127500.00000000007
216736.85181438687,189999.99999999994
206232.98119798372,199899.99999999988
125855.07680843986,119500.00000000006
122273.43842949053,120000.00000000007
105618.96969760694,110000.00000000009
229355.41458225134,280000.0000000001
197989.00773562156,203999.9999999998
213348.78990731837,210000.00000000012
180752.45682948534,187999.99999999988
162231.63348543755,175499.99999999988
91540.82756387696,98000.00000000006
196037.49709235565,255999.99999999974
148083.2111834058,161000.00000000012
118330.2319550295,110000.00000000009
246899.03325673653,263434.99999999994
157021.78607458065,155000.00000000012
128101.97317317642,62382.99999999995
185178.11574824303,188700.00000000015
110964.89576724713,123999.9999999999
190986.61787945684,178739.9999999999
166068.19222845996,167000.0
154241.37454170838,146499.99999999985
247543.2958988947,249999.99999999994
187156.4865271082,186999.99999999983
225196.90910964579,212000.00000000012
190319.72661002606,189999.99999999994
124170.0630464814,148000.00000000003
365763.0279489304,440000.00000000047
231813.64713908406,251000.00000000015
142907.62498358687,132500.0
196149.9690430951,208900.00000000006
373513.246252578,379999.99999999994
310481.5172244741,296999.99999999994
113123.18063669342,89470.99999999994
347066.50775682426,326000.0000000003
327659.56505312625,373999.9999999997
155672.62989807047,155000.00000000012
159219.64559454573,164000.00000000003
134346.11860623484,132500.0
141577.91711097755,147000.00000000012
147071.56000271052,155999.99999999985
175533.0325880185,175000.0
107974.17357664577,160000.0000000001
99030.73582822867,85999.99999999994
107162.66991305,115000.00000000003
156087.46022128113,133000.0
172518.8417152944,172784.99999999994
158955.68081655662,155000.00000000012
97816.2463220925,91300.00000000003
81198.81087411378,34899.999999999985
328011.04081487603,429999.99999999965
160241.6839574496,184000.00000000015
129981.29836601751,130000.00000000006
129754.51337788226,120000.00000000007
114671.90283302593,113000.00000000006
204793.49845343654,226700.0
143220.78474905886,140000.00000000006
288220.61311461026,289000.00000000023
136035.74125391495,147000.00000000012
130707.74716257113,124499.99999999999
215111.6324325104,214999.9999999998
183511.05460613043,208300.00000000003
146943.6348923144,161000.00000000012
140774.76016579845,124499.99999999999
166897.32451048546,164899.99999999985
188479.93423202386,202665.00000000003
125516.6533427937,129900.00000000009
139824.90524525332,133999.99999999988
96142.86326668726,96500.00000000001
425933.9623207542,402860.99999999977
172641.7279960305,157999.99999999985
271711.86399617064,265000.00000000006
202715.61200669434,211000.0000000002
241231.34785624404,233999.99999999983
97858.66176145941,106249.99999999999
151963.75493990397,150000.00000000003
152355.05877103214,159000.0000000001
493555.0770041388,184750.00000000006
294795.1441429569,315750.0
184690.72505976883,175999.99999999985
145207.78330308959,131999.9999999999
444468.72578050196,446260.9999999998
98801.82758446623,85999.99999999994
247120.46352623758,200623.99999999985
201208.28167928485,175000.0
130094.26898003236,128000.00000000012
111726.02717520736,107500.00000000012
62114.77696716519,39300.00000000003
183793.90587185044,177999.99999999985
130923.78669444725,107500.00000000012
195445.73139309388,187999.99999999988
129669.6265985417,111250.00000000007
145966.85300766255,157999.99999999985
259025.56233093,272000.00000000023
366513.75190360914,315000.0000000003
238511.80339418317,247999.99999999983
209633.53481785895,213249.99999999983
135871.47503868552,133000.0
195867.84357991366,179665.00000000006
228586.61090198797,229000.0000000002
175571.40843952377,210000.00000000012
126397.12201010919,129500.0
123633.92246869169,124999.99999999996
240439.92010061824,263000.0000000001
136014.5227432614,140000.00000000006
115554.2778358817,112500.00000000004
258032.776603772,255500.00000000003
103762.78012047967,107999.99999999993
272692.0817104759,284000.0000000002
115534.65165925866,113000.00000000006
153136.54595101933,140999.99999999994
121471.75900512053,107999.99999999993
201811.22499569194,175000.0
182857.17270349633,233999.99999999983
172955.0252166018,121499.99999999997
165123.15452835205,170000.00000000006
126489.97352997518,107999.99999999993
162410.73704185052,184999.99999999997
250166.90163223658,267999.9999999998
112856.49694487684,128000.00000000012
326834.10988327133,325000.00000000006
208690.5920883697,214000.00000000006
312554.16487865656,316600.0000000001
134342.52826761687,135960.00000000012
145777.89950254955,142599.9999999999
125098.6897209251,120000.00000000007
227042.40904284647,224500.0
168406.15214712775,170000.00000000006
119757.93838862365,138999.99999999997
118358.90783353096,118499.9999999999
159815.9093751171,145000.00000000012
168906.46798742752,164499.99999999985
158386.47879247673,146000.00000000003
138332.6173874354,131500.00000000003
187608.84116398607,181900.00000000012
363090.54471199255,253292.99999999977
121394.5325176398,118499.9999999999
311658.24250600446,325000.00000000006
129395.67859885993,133000.0
351910.46837525174,369900.00000000035
120534.47097678481,130000.00000000006
133578.35941173873,136999.99999999997
219441.2763858865,142999.99999999988
96344.91591432758,79500.00000000004
192025.06193333282,185899.9999999999
406452.7766378431,451949.9999999996
139760.19163229023,138000.00000000012
143273.65941047657,140000.00000000006
119838.71415398996,110000.00000000009
316814.3722661788,318999.9999999999
113800.45232667762,114504.00000000001
188192.04266793487,194201.0000000001
199024.58058626973,217499.9999999998
149584.6270360984,151000.0000000001
274960.7178481819,275000.0000000001
141966.84554074524,140999.99999999994
214065.72287783085,220000.0000000002
158609.66622561862,151000.0000000001
230259.17874613765,221000.00000000017
198431.07357887414,204999.99999999994
146788.27367385174,152000.00000000003
181535.50719347078,225000.00000000012
285516.7825318614,359099.99999999965
118874.84341482497,118499.9999999999
321247.5878780978,312999.9999999999
159608.88682483177,148000.00000000003
261802.29242868786,261499.9999999999
119582.72601383619,147000.00000000012
78022.09168788113,75500.00000000004
144809.7667550669,137500.00000000006
183273.46320859937,183199.99999999985
112278.96502120016,105500.00000000009
357583.6250173666,314812.99999999994
320543.22434346,305000.00000000006
76905.1879179603,66999.99999999993
256044.6384187036,240000.00000000017
134292.8726929309,135000.00000000015
176326.4562349506,168499.99999999994
158892.89118425982,165149.9999999999
145414.54092240494,160000.0000000001
133770.98800525715,139899.99999999997
158282.87824109118,152999.99999999985
187571.5884193586,135000.00000000015
151578.7653069495,168499.99999999994
123817.60192785277,123999.9999999999
242047.13519215924,209499.99999999988
189356.91179117002,82500.00000000007
143151.01553055938,139400.00000000006
146129.9382543523,143999.99999999988
163611.46082409436,200000.00000000003
59045.97392541927,60000.00000000003
103142.32719498721,92999.99999999993
89880.6518549194,85000.00000000003
257439.64372941921,264561.00000000006
274378.7331289518,274000.0
238074.80736675762,226000.00000000015
341427.6026379393,345000.00000000023
147299.47615692057,152000.00000000003
350662.2387180294,370878.0000000003
145493.35104110866,143249.9999999999
99378.70811085883,98299.99999999996
139866.0541236548,155000.00000000012
154339.41707483065,155000.00000000012
77612.93939836946,84500.00000000006
199074.84936186005,205949.9999999998
112373.43550928972,107999.99999999993
189442.20945244253,190999.99999999985
128947.0866239538,135000.00000000015
345532.35693944065,350000.0
96728.90576765977,87999.99999999993
147754.91769348548,145499.99999999985
163559.3428576539,149000.0
136611.41274429203,97500.00000000004
169375.93820026523,167000.0
216785.40093763676,197899.9999999999
439527.1263421738,401999.9999999998
147781.82817402264,110000.00000000009
137746.7311806408,137500.00000000006
383146.2712637176,422999.99999999994
249366.3913106508,230499.99999999988
196329.37355858693,128999.99999999996
209327.181903271,193499.99999999997
165685.18856895395,168000.00000000017
125814.60727414148,137500.00000000006
169408.26117108625,173500.0000000001
122032.17512092134,103600.00000000004
171321.7418907688,165000.00000000017
262461.8863456564,257499.99999999983
144147.10946924082,140000.00000000006
143837.92644474065,148499.99999999994
105507.65510332539,86999.99999999994
109576.58766625347,109500.00000000003
338977.64693671046,372499.9999999999
126985.35422087548,128499.99999999987
131464.51872671946,142999.99999999988
112407.36478737324,159433.99999999985
180831.0942454845,172999.99999999985
274601.63506778935,285000.0
214926.045149145,221000.00000000017
221730.76141235876,207499.99999999985
213980.20083345336,227874.99999999988
160734.87824728023,148799.99999999997
230461.0759735065,392000.00000000035
181342.00847741295,194700.00000000003
143213.81352648986,140999.99999999994
423358.91790834646,755000.0000000003
307737.36478286143,335000.0000000003
107961.41872371228,108479.99999999994
133990.63182185826,141500.00000000012
176853.47893795362,175999.99999999985
94651.30678006748,88999.99999999991
114593.78937947912,123500.0
141283.4556213508,138499.99999999985
192154.63881887821,196000.00000000015
309933.5778662105,312499.99999999977
147522.89071765434,140000.00000000006
320968.7072858604,361919.0
136872.52697942266,140000.00000000006
199112.4381776405,213000.00000000017
72605.12875969306,55000.00000000004
299300.31896475545,302000.00000000023
224103.00623075158,254000.00000000026
182230.88894356275,179540.0000000001
119779.67520030822,109900.00000000009
76608.47103080161,52000.00000000004
109047.81620532853,102775.99999999993
191101.01930571016,188999.99999999985
120969.14447046453,128999.99999999996
182840.20254471444,130499.99999999994
148366.1544334289,165000.00000000017
194103.43797816298,159499.99999999994
164599.06053420348,157000.0000000001
306359.90496728075,340999.9999999999
134368.0275609564,128499.99999999987
248150.79873781887,275000.0000000001
141796.37241063107,142999.99999999988
117591.23858981981,124499.99999999999
132875.97730054372,135000.00000000015
329358.5123616442,320000.00000000023
117502.78273251606,120499.99999999997
225746.64757734488,222000.00000000012
190710.0790927979,194500.00000000017
145841.4199549876,110000.00000000009
89980.86190647996,102999.99999999996
273763.69235784246,236499.99999999997
182503.68045783965,187499.99999999997
242671.21567745553,222500.00000000017
131764.25310886142,131400.00000000012
117195.92920896299,107999.99999999993
168669.32986219536,163000.00000000012
84854.88136070191,93500.0000000001
234223.44767251826,239900.0000000001
143298.3702100927,179000.00000000006
196046.71580112854,189999.99999999994
124459.91402640575,131999.9999999999
147851.31026933258,142000.0000000001
174878.60172877216,179000.00000000006
161123.0421532219,175000.0
202625.97460126592,180000.00000000017
337719.4917425174,299800.0
241736.55834392537,235999.99999999985
252170.67139473645,265979.00000000023
229666.3634016793,260399.99999999994
77548.91272345214,98000.00000000006
100512.49944563785,96500.00000000001
155329.24372381385,161999.99999999994
205708.45264105534,216999.9999999998
265666.21291860024,275500.0000000002
153193.85583682562,155999.99999999985
170457.60463529234,172500.0000000001
217996.10421130958,212000.00000000012
164701.60343151412,158899.99999999997
166766.96182513493,179399.99999999988
313505.3081993301,290000.0000000003
129683.25676103368,127500.00000000007
113143.52999982036,100000.0
207361.8713071529,215199.9999999999
319922.26363088086,336999.99999999994
247358.7115627443,269999.99999999977
275828.44176225946,264131.99999999977
196855.12611868876,196500.00000000012
179341.7430287321,160000.0000000001
242116.13528591712,216837.00000000017
440244.1321130645,537999.9999999997
133379.57389098473,134900.00000000003
115090.81540011136,102000.00000000009
142258.56859346,107000.00000000001
120474.58585564853,114500.00000000009
319549.628397571,395000.0000000003
162171.2643537557,161999.99999999994
227223.89239337514,221499.99999999994
143090.6864368369,142499.99999999997
129788.4051648523,143999.99999999988
139011.37993428225,135000.00000000015
171146.28727600016,175999.99999999985
178084.79257757292,175900.00000000015
188420.37791197933,187099.99999999997
151705.7888775185,165500.00000000003
135379.24462186202,128000.00000000012
175734.07243200298,161500.0
135884.52024289226,138999.99999999997
243067.85557580725,232999.99999999994
110146.51896394139,107900.0
218797.80941355063,187499.99999999997
155879.29663938278,160199.99999999997
141793.30628305912,146799.99999999988
242987.2253376181,269789.9999999999
226741.2814521841,225000.00000000012
190015.11236933668,194500.00000000017
166093.35937955312,171000.0000000001
131501.61132025172,143500.0
102614.2803262775,110000.00000000009
454614.5750968225,485000.00000000035
139758.82531158306,175000.0
198949.70085388498,200000.00000000003
123250.82813376327,109900.00000000009
181300.8833808729,188999.99999999985
478635.8887592363,582933.0000000005
113932.62599039724,117999.99999999991
200014.34029518944,227680.0
131348.15901752643,135499.99999999988
203597.01745725106,223500.00000000006
151860.04027373155,159950.0000000001
114812.82249034206,106000.00000000004
170455.7766619288,181000.00000000003
145283.42510975365,144500.0000000001
93773.54402717786,55993.0
150217.1906599258,157900.00000000006
113705.08217115786,115999.99999999991
209726.83506213038,224899.99999999988
136071.90309580398,136999.99999999997
277954.6282720633,270999.99999999977
149135.98127135693,155000.00000000012
219017.79776985184,224000.0000000002
188270.0660231268,183000.00000000012
82011.24541274596,92999.99999999993
190957.059644601,225000.00000000012
148814.37096966265,139499.99999999994
235300.02921712655,232600.00000000006
421422.68698010856,385000.0000000003
93540.73360219107,109500.00000000003
193088.7768263875,188999.99999999985
192854.04305410368,184999.99999999997
151620.53257490948,147399.99999999997
176401.04639680393,165999.99999999997
151633.61372643322,151000.0000000001
222251.1426749915,236999.99999999983
152733.17644830837,167000.0
135100.2480150928,139949.99999999994
127228.4380859749,128000.00000000012
154103.20972967564,153500.00000000015
110911.77481288994,100000.0
139506.48931717617,143999.99999999988
123058.81589475399,130499.99999999994
138560.5651170822,140000.00000000006
152254.14522646437,157500.00000000012
169944.18281635336,174899.99999999988
119771.62297303267,140999.99999999994
146240.12767894292,153899.99999999988
189708.53591161233,171000.0000000001
196928.81922403703,213000.00000000017
137569.55529162064,133499.9999999999
225630.49670307475,240000.00000000017
177379.36831595065,186999.99999999983
139148.8148965277,131500.00000000003
191654.74953614347,214999.9999999998
167296.9039645866,164000.00000000003
166566.1447252351,157999.99999999985
169208.12009933477,170000.00000000006
151871.54077013774,127000.00000000012
144705.733784734,147000.00000000012
146120.9062724479,173999.9999999999
158446.98777526247,152000.00000000003
222774.3696556554,249999.99999999994
171539.53736663453,189949.99999999985
136443.38123293628,131500.00000000003
139815.61525324042,152000.00000000003
145736.61022947932,132500.0
200513.07489926225,250580.0000000001
135136.07288963796,148499.99999999994
263374.6147191632,248900.00000000006
134957.94219883112,128999.99999999996
155379.06161948605,169000.00000000015
230210.83884480552,235999.99999999985
99407.75727442162,109500.00000000003
188327.67018851024,200499.9999999999
115736.15268796735,115999.99999999991
132271.2397217158,133000.0
100366.30331893961,66499.99999999999
302872.3920605436,303476.9999999997
139300.0456250004,132250.0000000001
336599.86691032955,350000.0
145818.96760583375,148000.00000000003
143626.88107955054,136500.00000000012
159208.0833352935,157000.0000000001
207049.2038266792,187499.99999999997
173547.872806862,177999.99999999985
116458.66421059296,118499.9999999999
122111.79757483814,100000.0
286557.3734039856,328899.9999999998
169478.0701152334,145000.00000000012
144936.43036039342,135499.99999999988
277471.74011377624,267999.9999999998
150501.06188014417,149500.00000000012
118496.8250721203,122899.99999999994
172750.33109517646,172500.0000000001
145699.64289085654,154499.99999999997
156590.96588604985,165000.00000000017
122654.28973184447,118857.99999999997
158339.7601810221,140000.00000000006
95031.30905436566,106500.00000000007
137135.8014324897,142953.00000000015
464223.6764587079,611656.9999999997
138492.71029338753,135000.00000000015
111862.52928767877,110000.00000000009
149960.07586218123,152999.99999999985
172979.77494890505,180000.00000000017
234650.0428518536,240000.00000000017
121026.11879240685,125500.00000000006
124044.28169930402,128000.00000000012
272684.34560415015,255000.00000000017
238579.86583738643,249999.99999999994
126594.3399659499,131000.00000000006
170516.701294294,173999.9999999999
144160.05012267845,154299.9999999999
170152.45341025866,143500.0
111297.67660856179,87999.99999999993
149112.05289128877,145000.00000000012
162081.45680632125,173733.0000000001
85959.69886679664,75000.00000000001
70840.95256855446,35311.0
139584.42938130407,135000.00000000015
267439.8232038395,238000.00000000017
176989.64516704023,176499.99999999988
187365.1560754677,200999.99999999988
149830.97842354633,145900.0000000001
165244.9880508919,169990.00000000006
198676.0101979259,193000.00000000006
204824.27428353377,207499.99999999985
155464.7864698039,175000.0
289567.11078833014,285000.0
181987.11212040676,175999.99999999985
252356.41424543556,236499.99999999997
241233.3803815216,222000.00000000012
210029.41351728086,200999.99999999988
133975.4623461966,117500.0000000001
313084.2855958596,320000.00000000023
201808.09392897136,189999.99999999994
217356.36023232676,241999.99999999988
88502.20017552881,79899.99999999996
182546.67840444288,184900.0000000001
242470.74687976125,252999.99999999977
243529.41006561657,239798.9999999999
234651.38655596244,244399.99999999994
177402.47646543957,150900.00000000003
227985.637116447,214000.00000000006
138373.87222734228,150000.00000000003
128725.4666598496,142999.99999999988
157187.76979748099,137500.00000000006
141917.11980470057,124900.00000000006
149608.90573292837,142999.99999999988
279975.52086627577,269999.99999999977
199466.7150579317,192500.00000000015
197210.5180681657,197500.00000000012
137729.14069110173,128999.99999999996
121623.50062961128,119899.99999999988
137863.10749708524,133900.0
146499.02870456956,171999.9999999999
143057.5588707821,127500.00000000007
156119.1926524042,145000.00000000012
122968.51739615307,123999.9999999999
123834.40608197085,131999.9999999999
195570.64155857367,184999.99999999997
167220.97368787564,155000.00000000012
122699.414720074,116499.99999999996
264165.17907828954,272000.00000000023
158352.31170853885,155000.00000000012
297384.3378499921,239000.00000000015
207606.8240802388,214899.99999999985
174409.37889233182,178900.0000000001
156587.81429608908,160000.0000000001
135758.6864125732,135000.00000000015
75818.663907861,37899.999999999985
123626.25866529143,140000.00000000006
86102.21754972523,135000.00000000015
168751.83334996612,172999.99999999985
125468.9225742408,99499.99999999993
202507.97044895706,182000.00000000015
178490.22125448484,167500.00000000015
172812.966953692,165000.00000000017
81893.61540172793,85500.00000000003
198789.77383009947,199899.99999999988
113730.68095207348,110000.00000000009
136357.1559178061,138999.99999999997
169300.01378299747,178400.00000000006
336702.40120526904,335999.9999999997
169349.1977393524,159894.99999999988
258849.66872987308,255899.99999999997
130071.94256761619,125999.99999999988
118293.01181784473,124999.99999999996
124290.24530244913,116999.9999999999
400430.4673200682,395192.00000000023
187886.7094109243,195000.00000000012
185709.88464724325,197000.0000000002
312227.8767677474,347999.9999999999
186183.85570794207,168000.00000000017
193920.14537683123,186999.99999999983
171247.04078122848,173899.99999999985
318874.3244675141,337500.00000000023
114629.61205308205,121600.00000000007
132798.25491385098,136500.00000000012
164726.3391500863,184999.99999999997
96850.41727264255,91000.00000000006
190792.28412690878,205999.99999999994
77732.25553476044,82000.0
82806.78866019,85999.99999999994
248695.30452864096,231999.99999999985
152872.92553272398,136905.00000000006
190789.10694116127,181000.00000000003
135550.42948736105,149900.0
163041.73499755832,163500.00000000012
85632.61982844022,87999.99999999993
251142.57098725476,240000.00000000017
100186.30367194797,102000.00000000009
132181.66787700582,135000.00000000015
102814.72332826402,100000.0
161637.83700133703,165000.00000000017
104363.88165561168,85000.00000000003
124977.05483596318,119200.00000000004
212025.93469467535,226999.99999999988
210435.9390451135,202999.99999999983
203798.243814079,187499.99999999997
165358.4723194219,160000.0000000001
183543.71043916218,213490.00000000017
156219.23892559353,175999.99999999985
196232.17145369193,194000.00000000017
112410.99137149272,86999.99999999994
187373.87685366732,190999.99999999985
288575.3883147664,287000.00000000006
123482.80097715765,112500.00000000004
141792.6309949414,167500.00000000015
291485.7755581352,293077.0
126029.39052219834,105000.00000000004
116239.73804906741,117999.99999999991
140102.50670702764,160000.0000000001
201026.87596859108,197000.0000000002
343386.83725084824,310000.0000000003
230768.08295898832,230000.0000000001
132917.95005096088,119750.00000000009
81801.078376192,84000.00000000007
302520.4389270203,315499.99999999994
263590.01414228237,287000.00000000006
100862.54046822927,97000.00000000007
81185.24142877631,80000.00000000003
151469.05770646024,155000.00000000012
166538.459995035,172999.99999999985
203414.10501543427,196000.00000000015
282882.3985107853,262280.00000000023
328323.85948988097,277999.99999999994
135140.05659091403,139599.99999999997
433102.29399635526,556580.9999999998
145536.2728092264,145000.00000000012
118582.81300608031,115000.00000000003
100628.19861885782,84899.99999999994
181194.2818240577,176485.00000000006
186377.86748111507,200141.00000000017
179180.707431873,165000.00000000017
165306.84607851325,144500.0000000001
265747.7709882818,255000.00000000017
166464.37883498493,180000.00000000017
202500.32027793734,185849.99999999997
223703.5610857675,247999.99999999983
352227.6788260718,335000.0000000003
180356.1187473504,220000.0000000002
209248.9904293787,213500.00000000006
101799.20247390577,80999.99999999996
129733.73425671793,90000.00000000007
134376.22107601506,110500.00000000007
148222.03179235265,153999.99999999985
260968.5887205685,328000.0000000001
177734.88393154478,177999.99999999985
167483.89572255788,167900.00000000006
176547.7743843459,151399.99999999985
131256.00750602732,135000.00000000015
132498.89860925102,135000.00000000015
147443.8196410341,153999.99999999985
110325.42158083484,91500.00000000004
147258.29593950522,159499.99999999994
190791.74560945827,194000.00000000017
198462.33477873943,219500.00000000017
164478.73922930702,170000.00000000006
138906.5825506925,138800.00000000012
141560.5519756072,155900.00000000006
134776.0745599734,125999.99999999988
188820.8042719856,145000.00000000012
135475.79127736614,133000.0
192239.76906473152,191999.99999999983
153324.07331355143,160000.0000000001
180047.43443011836,187499.99999999997
150918.1397434653,147000.00000000012
101385.0646187312,83500.0
278734.1827382642,251999.9999999998
142818.31697612206,137500.00000000006
209145.5747947001,197000.0000000002
86737.41996002119,92899.99999999993
157244.2060151957,160000.0000000001
152017.1552038708,136500.00000000012
163368.12822713802,146000.00000000003
127642.96658602872,128999.99999999996
173872.88811049104,176431.99999999997
122547.88998646334,127000.00000000012
150386.31152014696,170000.00000000006
105533.5984017487,128000.00000000012
176423.41360228756,157000.0000000001
75120.32081567572,60000.00000000003
118931.44538180737,119500.00000000006
130608.1238252393,135000.00000000015
148851.1508329584,159499.99999999994
117404.88251180713,106000.00000000004
326302.63929812465,325000.00000000006
178268.71077582682,179899.99999999988
217950.281694092,274724.9999999999
178206.86959119965,181000.00000000003
304396.09094732016,280000.0000000001
183273.4723495505,187999.99999999988
200283.62922181888,204999.99999999994
116231.87453969682,129900.00000000009
135486.75148559574,134499.99999999988
116592.90486652333,116999.9999999999
285444.85848097265,318000.00000000023
202974.61133617343,184100.00000000012
138671.96645440414,130000.00000000006
138370.72406777815,140000.00000000006
128936.4376944062,133699.9999999999
114336.51850657782,118400.00000000007
217582.16136350876,212900.00000000006
80174.6259739902,112000.00000000009
98284.57404501153,117999.99999999991
166265.72187054358,163900.00000000012
112377.77089933798,115000.00000000003
194128.12146977012,173999.9999999999
243425.7664704671,259000.00000000006
199051.7649718193,214999.9999999998
129639.05856745923,140000.00000000006
126341.99387157579,135000.00000000015
122043.56577487274,93500.0000000001
125180.29299153606,117500.0000000001
241840.9263240269,239500.0000000002
181317.8597104815,169000.00000000015
100297.39085824032,102000.00000000009
122554.16415455364,119000.00000000007
92934.64541603834,93999.99999999993
205012.16077081088,196000.00000000015
119943.57946894839,143999.99999999988
129596.69990525972,138999.99999999997
194591.1868537476,197500.00000000012
393670.01803274784,424869.9999999999
98190.51683169436,80000.00000000003
88836.84686452275,80000.00000000003
135448.96436099263,149000.0
181370.92688815316,180000.00000000017
194626.69890775246,174499.99999999988
128801.49671475227,116900.00000000003
149549.72614753805,142999.99999999988
124196.43109303797,123999.9999999999
133548.64670115404,149900.0
207767.20144743213,230000.0000000001
123245.04276377642,120499.99999999997
201152.34564861265,201800.00000000015
191895.84124058887,218000.00000000012
181427.6128507536,179899.99999999988
209046.207031165,230000.0000000001
225998.95651442494,235128.00000000017
185489.01563764826,184999.99999999997
141630.6189026006,146000.00000000003
208869.61245612858,224000.0000000002
133030.0740240521,128999.99999999996
131994.72956466165,108959.00000000001
197176.1043658695,194000.00000000017
218140.99671231903,233169.99999999985
259595.73309693823,245350.00000000023
192128.09165821644,172999.99999999985
176871.7697220897,234999.99999999977
467054.287696766,624999.9999999997
151704.3134006575,171000.0000000001
159096.82997930312,163000.00000000012
166825.9396199889,171900.0
217468.38704566789,200499.9999999999
233762.2441663745,239000.00000000015
297500.57933776994,285000.0
128373.15547508905,119500.00000000006
119376.47157665383,115000.00000000003
127566.8070136921,154900.00000000012
92295.90922988731,92999.99999999993
260486.03943001415,249999.99999999994
307620.8730690437,392500.0000000002
424605.158533543,744999.9999999999
141680.38829331752,120000.00000000007
192843.07621273436,186699.99999999997
120082.72932078045,104900.00000000004
122685.41938451496,94999.99999999997
296277.2089423853,262000.00000000015
181850.77599830096,195000.00000000012
191978.91902535324,188999.99999999985
185038.01675510142,168000.00000000017
172400.98146398022,173999.9999999999
129384.71774859057,124999.99999999996
177538.33850669014,165000.00000000017
142295.15968190288,157999.99999999985
160939.64015309638,175999.99999999985
213873.87406992353,219210.0
146673.41193226498,143999.99999999988
173406.5534371847,177999.99999999985
141606.45228126785,148000.00000000003
109709.9236138959,116049.99999999994
189798.51081972607,197899.9999999999
140938.72658116143,116999.9999999999
216631.92904089054,213000.00000000017
149461.02382104582,153500.00000000015
290212.4454344407,271899.9999999997
114290.8392766447,107000.00000000001
196448.7315663863,200000.00000000003
142489.95589339535,140000.00000000006
265386.2396251679,290000.0000000003
184596.8161599612,188999.99999999985
191329.69264951884,164000.00000000003
86808.6461069706,113000.00000000006
130260.67372132045,145000.00000000012
129037.60115412675,134499.99999999988
118385.54860834252,124999.99999999996
131878.49033867187,112000.00000000009
248591.7776419007,229456.00000000006
72396.51844850589,80500.00000000004
96874.11967685023,91500.00000000004
118266.37798796914,115000.00000000003
122526.76766349399,133999.99999999988
140852.9869248595,142999.99999999988
123881.29970070995,137899.99999999988
193743.4812555029,184000.00000000015
139066.40071022912,145000.00000000012
205878.65981156932,214000.00000000006
146071.67598161424,147000.00000000012
370293.81119031424,367294.0
149955.1890223681,127000.00000000012
189767.68446852037,189999.99999999994
143101.66899840784,132500.0
98499.34817752094,101799.99999999991
145478.15819701174,142000.0000000001
126610.23069391801,130000.00000000006
146840.21205985875,138887.0000000001
164706.02035801605,175499.99999999988
206841.61842111516,195000.00000000012
145875.51302393578,142499.99999999997
223851.45956904747,265899.9999999997
212842.56564636374,224899.99999999988
232650.28815036613,248328.00000000023
169636.74908550375,170000.00000000006
415022.8565390628,464999.9999999996
188178.5009417441,230000.0000000001
199931.45788267945,177999.99999999985
188963.24766375657,186500.00000000006
149197.78219028565,169899.99999999988
144887.952202189,129500.0
121811.39822276711,119000.00000000007
246452.03212904418,244000.00000000012
192789.5877913505,171750.00000000017
122944.14209365305,130000.00000000006
271020.7645600373,294000.0000000003
177211.86626225393,165399.99999999983
147766.07340177163,127500.00000000007
326192.50628953316,301499.9999999999
91487.58191344731,99899.99999999991
175086.4225062378,189999.99999999994
160560.21994572855,151000.0000000001
201219.75562753004,181000.00000000003
124415.01562064052,128900.0
143824.93246724817,161500.0
158792.71082724378,180499.99999999988
169912.27311696394,181000.00000000003
172139.2571620206,183900.0000000001
128140.99151158142,122000.00000000004
338806.8102713341,378500.0000000003
354570.7492094993,380999.9999999997
142110.33970466373,143999.99999999988
218955.0767418349,260000.00000000015
165218.30896220173,185749.99999999983
134479.85498429328,136999.99999999997
171002.55870553417,176999.9999999999
135243.18035294194,138999.99999999997
135159.80739161887,136999.99999999997
162885.69123048102,161999.99999999994
182772.00854457327,197899.9999999999
266907.0117253493,236999.99999999983
96566.64366875384,68400.00000000006
214001.2233341075,226999.99999999988
190105.76040499378,180000.00000000017
145804.84890023049,150499.9999999999
145951.00208228442,138999.99999999997
168163.51110654377,169000.00000000015
129897.73120137127,132500.0
154811.34093040426,142999.99999999988
187893.99189656714,189999.99999999994
244902.90023207315,277999.99999999994
264565.9776038892,280999.99999999994
167785.70189431147,180499.99999999988
127124.16309343818,119500.00000000006
105507.796637309,107500.00000000012
176820.29018724058,162900.00000000015
125943.32251780201,115000.00000000003
138023.9794443036,138499.99999999985
157471.8836498104,155000.00000000012
152101.9518411144,140000.00000000006
502733.3323529649,160000.0000000001
173183.31004073357,153999.99999999985
218699.91463263286,225000.00000000012
166427.33281273738,177500.00000000003
318876.65829131624,290000.0000000003
220598.37044406918,231999.99999999985
146127.82972159015,130000.00000000006
333330.90894106263,325000.00000000006
189005.60512409642,202499.99999999983
131742.82587639627,138000.00000000012
143516.41071151252,147000.00000000012
174968.22374505384,179199.99999999985
332542.8902717295,335000.0000000003
205052.1032886411,202999.99999999983
336242.0633970288,302000.00000000023
324311.2010812728,333167.9999999999
114034.24638186547,119000.00000000007
170943.60721590527,206900.0000000001
261102.16748290058,295493.0000000002
188957.185208037,208900.00000000006
284774.4836827003,275000.0000000001
109149.20061454871,111000.00000000004
160960.53389501636,156499.9999999999
85847.48902142723,72500.00000000006
217178.0368545151,189999.99999999994
81110.1275110783,82500.00000000007
274660.3022161465,147000.00000000012
67413.57424724245,55000.00000000004
93801.667259867,79000.00000000007
132187.61207021744,130499.99999999994
198431.28136131374,255999.99999999974
187372.46292887643,176499.99999999988
234377.16422690544,226999.99999999988
131570.2338785727,132500.0
115490.39512429325,100000.0
123755.2572690221,125500.00000000006
115673.78017851492,124999.99999999996
175133.73125738345,167900.00000000006
138850.63842058394,135000.00000000015
64864.71343807228,52500.000000000015
212586.72534717055,200000.00000000003
122660.24691569906,128499.99999999987
110198.16736100432,123000.00000000003
158750.33903059424,155000.00000000012
269900.4383899255,228500.00000000006
170421.72278467278,176999.9999999999
184134.10197430765,155834.99999999997
79824.9073324901,108500.00000000012
277841.9002845788,262500.00000000006
292009.3679853033,283463.00000000023
233520.89313304523,214999.9999999998
130189.84762302923,122000.00000000004
171723.72560732675,200000.00000000003
159278.56605431356,171000.0000000001
127951.65979729236,134900.00000000003
359398.7112160441,409999.99999999994
225447.0815240951,234999.99999999977
185696.34864947546,170000.00000000006
117602.0793758939,110000.00000000009
170007.21604356982,149900.0
166768.5574777698,177500.00000000003
361462.55998305115,315000.0000000003
177171.81626819234,188999.99999999985
249699.74337518623,260000.00000000015
122753.00144411295,104900.00000000004
158903.64411565775,156931.9999999999
150545.1227550825,144152.0000000001
216179.33246805784,215999.99999999988
212156.5342681286,193000.00000000006
138133.29964681435,127000.00000000012
143101.77835527985,143999.99999999988
266404.31856007443,231999.99999999985
104703.3416439704,105000.00000000004
176302.02596075003,165500.00000000003
251374.17979221235,274299.9999999998
382727.76936030475,466499.99999999965
248218.12159902544,249999.99999999994
240681.27634787632,239000.00000000015
90968.96906573891,91000.00000000006
142749.92007022575,116999.9999999999
95901.5397202688,82999.99999999997
152206.87438280968,167500.00000000015
75083.59478924095,58499.99999999994
198582.49963585928,237499.99999999985
157918.22944536922,157000.0000000001
162557.79117593012,112000.00000000009
109276.15051936674,105000.00000000004
114154.21459099301,125500.00000000006
283888.96526372206,249999.99999999994
145693.86074280535,136000.00000000012
339852.5064978441,377500.0000000001
134082.1233131595,131000.00000000006
229622.55028173476,234999.99999999977
137583.35164100447,123999.9999999999
133012.56207220582,123000.00000000003
143201.0473101094,163000.00000000012
214090.66548674883,246578.00000000017
290285.76607708284,281213.00000000006
160716.30715506765,160000.0000000001
142401.17786665377,137500.00000000006
129015.77958075708,138000.00000000012
157133.31427318652,137450.00000000006
123662.26311452714,120000.00000000007
190770.68171930127,193000.00000000006
190707.60420305378,193879.00000000017
238412.95074513994,282921.9999999997
99458.43558128606,105000.00000000004
273069.19613870385,275000.0000000001
132533.10913411368,133000.0
112875.82447319273,112000.00000000009
110793.56206709304,125500.00000000006
219257.59680344636,214999.9999999998
221183.80588557303,230000.0000000001
161118.91437765094,140000.00000000006
100221.94946067537,90000.00000000007
272786.64502031566,256999.9999999998
186118.3487580117,206999.99999999983
232661.67073958152,175900.00000000015
133988.11075595804,122500.00000000001
333311.1404025771,340000.0000000002
138327.26250073823,123999.9999999999
208613.62798459217,223000.0
177888.9409207504,179899.99999999988
143172.52844491016,127500.00000000007
138667.50962427972,136500.00000000012
181462.12358696922,274969.9999999999
146295.16393482627,143999.99999999988
143317.85396691252,142000.0000000001
241429.7070170822,270999.99999999977
150257.22788471353,140000.00000000006
116622.9816250429,119000.00000000007
195966.55251447918,182900.0
171869.31628509777,192139.99999999983
138810.07771208606,143749.99999999997
103159.68745276355,64499.99999999996
194802.22103822694,186500.00000000006
177331.08530102737,160000.0000000001
184649.80592683406,173999.9999999999
117326.8134951542,120499.99999999997
380716.2451606468,394617.00000000023
156363.99386609698,149700.00000000015
178088.16368474902,197000.0000000002
202831.52572772867,190999.99999999985
143213.81352648986,149299.99999999994
352798.3717024216,310000.0000000003
114007.04067361788,120999.99999999993
190776.00179625434,179600.0000000001
130635.46228298906,128999.99999999996
159854.06967908097,157900.00000000006
283549.2750893076,240000.00000000017
121144.45072303472,112000.00000000009
84060.73693513258,92000.00000000006
143321.65672157131,136000.00000000012
248068.93529600988,287090.0000000002
124328.8277769312,145000.00000000012
140573.3720477864,84500.00000000006
179961.1673012117,184999.99999999997
177773.78159554378,175000.0
216185.23092046022,210000.00000000012
242241.88154741225,266500.00000000006
128879.50065291395,142124.99999999994
150021.6951830625,147500.00000000012
